,School ID,Year,Composite
0,400010,2007,15.9
1,400010,2008,15.8
2,400010,2009,15.3
3,400010,2010,15.6
4,400010,2011,16.1
5,400010,2012,15.9
6,400010,2013,16.3
7,400010,2014,15.2
8,400010,2015,14.7
9,400010,2016,15.2
10,610513,2012,18.2
11,610513,2013,18.1
12,610513,2014,18.5
13,610513,2015,18.6
14,610513,2016,18.8
15,610524,2012,18.0
16,610524,2013,16.9
17,610524,2014,17.7
18,610524,2015,17.4
19,610524,2016,17.6
20,400012,2015,16.3
21,400012,2016,14.8
22,609695,2001,15.3
23,609695,2002,15.4
24,609695,2003,15.5
25,609695,2004,15.9
26,609695,2005,15.9
27,609695,2006,16.0
28,609695,2007,16.5
29,609695,2008,16.9
30,609695,2009,16.3
31,609695,2010,16.0
32,609695,2011,16.6
33,609695,2012,16.8
34,609695,2013,16.5
35,609695,2014,17.0
36,609695,2015,18.1
37,609695,2016,18.2
38,400013,2008,14.5
39,400013,2010,15.9
40,400013,2011,15.5
41,400013,2012,16.6
42,400013,2013,16.1
43,400013,2014,15.3
44,400013,2015,16.5
45,400013,2016,14.9
46,400015,2006,16.9
47,400015,2007,16.6
48,400015,2008,17.6
49,400015,2009,15.7
50,400015,2010,15.8
51,400015,2011,15.5
52,400015,2012,15.6
53,400015,2013,14.9
54,400015,2014,15.5
55,400018,2009,14.5
56,400018,2010,15.4
57,400018,2011,14.4
58,400018,2012,14.1
59,400018,2013,13.7
60,400018,2014,14.5
61,400018,2015,14.0
62,400018,2016,14.4
63,610501,2010,14.6
64,610501,2011,14.9
65,610501,2012,14.6
66,610501,2013,14.5
67,610501,2014,14.0
68,610501,2015,14.1
69,610501,2016,14.0
70,610563,2016,17.6
71,800001,2015,
72,610555,2012,12.9
73,610555,2013,13.0
74,610555,2014,13.5
75,610555,2015,12.9
76,610555,2016,12.7
77,800003,2015,
78,800003,2016,
79,609698,2001,16.1
80,609698,2002,15.7
81,609698,2003,16.0
82,609698,2004,15.9
83,609698,2005,15.4
84,609698,2006,15.5
85,609698,2007,15.7
86,609698,2008,15.7
87,609698,2009,15.0
88,609698,2010,15.0
89,609698,2011,15.2
90,609698,2012,15.7
91,609698,2013,15.3
92,609698,2014,15.6
93,609698,2015,15.0
94,609698,2016,14.9
95,610323,2007,15.1
96,610323,2008,14.8
97,610323,2009,15.1
98,610323,2010,15.2
99,610323,2011,14.6
100,610323,2012,14.2
101,610323,2013,14.3
102,610323,2014,14.8
103,610323,2015,14.2
104,610323,2016,14.6
105,610381,2008,16.4
106,610381,2009,16.4
107,610381,2010,16.4
108,610381,2011,16.3
109,610381,2012,16.9
110,610381,2013,16.1
111,610381,2014,16.4
112,610381,2015,15.6
113,610381,2016,14.8
114,609726,2001,19.6
115,609726,2002,19.4
116,609726,2003,19.2
117,609726,2004,20.6
118,609726,2005,20.5
119,609726,2006,20.3
120,609726,2007,21.2
121,609726,2008,21.5
122,609726,2009,21.1
123,609726,2010,21.2
124,609726,2011,21.5
125,609726,2012,21.8
126,609726,2013,21.8
127,609726,2014,23.1
128,609726,2015,22.4
129,609726,2016,22.5
130,400147,2013,12.9
131,400147,2014,13.8
132,400147,2015,13.2
133,400147,2016,
134,610565,2014,13.5
135,610565,2015,13.1
136,610565,2016,13.6
137,400176,2015,12.9
138,400176,2016,13.6
139,400175,2015,
140,400175,2016,13.8
141,610585,2016,
142,610573,2014,
143,610573,2016,
144,609760,2001,13.6
145,609760,2002,13.8
146,609760,2003,14.3
147,609760,2004,14.5
148,609760,2005,14.6
149,609760,2006,14.4
150,609760,2007,14.3
151,609760,2008,16.2
152,609760,2009,16.6
153,609760,2010,16.6
154,609760,2011,16.8
155,609760,2012,16.9
156,609760,2013,16.4
157,609760,2014,17.2
158,609760,2015,17.6
159,609760,2016,18.0
160,400115,2014,18.1
161,400115,2015,17.2
162,400115,2016,15.9
163,400093,2012,14.5
164,400093,2013,14.1
165,400093,2014,14.8
166,610340,2007,17.2
167,610340,2008,17.6
168,610340,2009,17.1
169,610340,2010,18.4
170,610340,2011,18.4
171,610340,2012,19.3
172,610340,2013,18.0
173,610340,2014,17.8
174,610340,2015,18.7
175,610340,2016,18.5
176,609753,2001,17.2
177,609753,2002,18.2
178,609753,2003,17.7
179,609753,2004,19.6
180,609753,2005,19.6
181,609753,2006,19.6
182,609753,2007,19.2
183,609753,2008,19.1
184,609753,2009,19.5
185,609753,2010,19.6
186,609753,2011,20.4
187,609753,2012,20.2
188,609753,2013,20.4
189,609753,2014,20.3
190,609753,2015,20.1
191,609753,2016,20.2
192,400022,2012,19.7
193,400022,2013,19.9
194,400022,2014,20.0
195,400022,2015,19.2
196,400022,2016,19.4
197,400035,2008,19.0
198,400035,2009,18.7
199,400035,2010,17.0
200,400035,2011,17.9
201,400035,2012,18.2
202,400035,2013,19.1
203,400035,2014,19.6
204,400035,2015,18.8
205,400035,2016,20.8
206,609754,2002,17.8
207,609754,2003,17.8
208,609754,2004,17.2
209,609754,2005,16.7
210,609754,2006,16.9
211,609754,2007,17.6
212,609754,2008,17.7
213,609754,2009,18.4
214,609754,2010,17.5
215,609754,2011,17.5
216,609754,2012,18.0
217,609754,2013,17.9
218,609754,2014,17.6
219,609754,2015,17.4
220,609754,2016,16.9
221,400091,2012,15.0
222,400091,2013,14.9
223,400091,2014,16.1
224,400091,2015,15.9
225,400091,2016,15.6
226,400036,2010,19.3
227,400036,2011,18.7
228,400036,2012,17.8
229,400036,2013,18.3
230,400036,2014,18.6
231,400036,2015,20.0
232,400036,2016,18.8
233,609674,2001,14.5
234,609674,2002,14.5
235,609674,2003,14.8
236,609674,2004,15.0
237,609674,2005,15.2
238,609674,2006,14.7
239,609674,2007,14.6
240,609674,2008,14.9
241,609674,2009,14.1
242,609674,2010,15.0
243,609674,2011,14.3
244,609674,2012,14.7
245,609674,2013,14.7
246,609674,2014,14.5
247,609674,2015,14.8
248,609674,2016,15.6
249,400113,2014,
250,400113,2015,
251,400113,2016,16.5
252,400032,2009,18.3
253,400032,2010,16.8
254,400032,2011,16.2
255,400032,2012,16.2
256,400032,2013,16.5
257,400032,2014,16.6
258,400032,2015,15.6
259,400032,2016,16.3
260,400108,2011,15.3
261,400108,2012,14.5
262,400108,2013,14.0
263,400108,2014,14.5
264,400108,2015,16.3
265,400108,2016,14.3
266,400033,2001,14.7
267,400033,2002,15.3
268,400033,2003,16.5
269,400033,2004,16.1
270,400033,2005,17.4
271,400033,2006,17.1
272,400033,2007,17.0
273,400033,2008,17.3
274,400033,2009,17.9
275,400033,2010,16.6
276,400033,2011,16.5
277,400033,2012,15.9
278,400033,2013,16.0
279,400033,2014,16.1
280,400033,2015,15.3
281,400033,2016,15.4
282,400034,2004,18.3
283,400034,2005,19.3
284,400034,2006,18.9
285,400034,2007,19.9
286,400034,2008,19.0
287,400034,2009,19.1
288,400034,2010,19.1
289,400034,2011,19.0
290,400034,2012,19.6
291,400034,2013,19.1
292,400034,2014,19.8
293,400034,2015,19.6
294,400034,2016,19.4
295,610497,2015,
296,610244,2005,16.8
297,610244,2006,15.5
298,610244,2007,16.1
299,610244,2008,16.3
300,610244,2009,16.2
301,610244,2010,16.2
302,610244,2011,15.7
303,610244,2012,16.4
304,610244,2013,16.0
305,610244,2014,16.5
306,610244,2015,15.9
307,610244,2016,16.3
308,609759,2001,13.9
309,609759,2002,14.3
310,609759,2003,14.3
311,609759,2004,14.8
312,609759,2005,15.1
313,609759,2006,15.2
314,609759,2007,15.6
315,609759,2008,15.3
316,609759,2009,14.6
317,609759,2010,15.3
318,609759,2011,15.4
319,609759,2012,15.0
320,609759,2013,15.0
321,609759,2014,15.0
322,609759,2015,16.0
323,609759,2016,15.4
324,610499,2010,15.2
325,610499,2011,15.6
326,610499,2012,15.5
327,610499,2013,14.1
328,610499,2014,14.3
329,610499,2015,15.1
330,610499,2016,14.7
331,400038,2009,13.7
332,400038,2010,12.9
333,400038,2011,13.8
334,400038,2012,12.5
335,400038,2013,13.1
336,400038,2014,13.7
337,400038,2015,12.8
338,400038,2016,
339,609761,2001,14.4
340,609761,2002,14.0
341,609761,2003,14.0
342,609761,2004,14.5
343,609761,2005,14.4
344,609761,2006,14.5
345,609761,2007,15.2
346,609761,2008,15.2
347,609761,2009,14.5
348,609761,2010,14.7
349,609761,2011,14.3
350,609761,2012,14.7
351,609761,2013,13.9
352,609761,2014,14.8
353,609761,2015,13.9
354,609761,2016,14.3
355,609702,2001,13.7
356,609702,2002,13.8
357,609702,2003,14.4
358,609702,2004,14.9
359,609702,2005,14.6
360,609702,2006,14.6
361,609702,2007,14.2
362,609702,2008,14.4
363,609702,2009,14.6
364,609702,2010,14.0
365,609702,2011,14.0
366,609702,2012,13.8
367,609702,2013,13.2
368,609702,2014,14.4
369,609702,2015,
370,610561,2016,18.7
371,609756,2001,15.8
372,609756,2002,16.0
373,609756,2003,16.5
374,609756,2004,16.8
375,609756,2005,17.1
376,609756,2006,17.1
377,609756,2007,17.8
378,609756,2008,17.8
379,609756,2009,17.4
380,609756,2010,17.3
381,609756,2011,16.9
382,609756,2012,17.3
383,609756,2013,17.3
384,609756,2014,17.7
385,609756,2015,17.3
386,609756,2016,17.4
387,610402,2006,19.4
388,610402,2007,19.4
389,610402,2008,19.6
390,610402,2009,19.8
391,610402,2010,19.3
392,610402,2011,20.7
393,610402,2012,21.0
394,610402,2013,22.0
395,610402,2014,21.0
396,610402,2015,20.7
397,610402,2016,21.1
398,610564,2016,19.2
399,610245,2006,13.4
400,610245,2007,14.4
401,610245,2008,14.4
402,610245,2009,14.3
403,610245,2010,14.5
404,610245,2011,14.9
405,610245,2012,14.7
406,610245,2013,14.2
407,610245,2014,15.2
408,610245,2015,14.0
409,610245,2016,13.6
410,609676,2001,14.5
411,609676,2002,14.8
412,609676,2003,14.8
413,609676,2004,15.2
414,609676,2005,15.3
415,609676,2006,15.1
416,609676,2007,15.1
417,609676,2008,15.1
418,609676,2009,14.5
419,609676,2010,14.9
420,609676,2011,14.7
421,609676,2012,14.8
422,609676,2013,14.6
423,609676,2014,14.7
424,609676,2015,14.6
425,609676,2016,14.4
426,609736,2002,13.3
427,609736,2003,14.1
428,609736,2004,15.0
429,609736,2005,14.4
430,609736,2006,14.4
431,609736,2007,14.4
432,609736,2008,14.4
433,609736,2009,14.2
434,609736,2010,14.4
435,609736,2011,14.1
436,609736,2012,14.7
437,609736,2013,13.9
438,609736,2014,14.1
439,400094,2012,16.3
440,400094,2013,16.0
441,400094,2014,16.3
442,400094,2015,17.4
443,400094,2016,17.5
444,609704,2001,14.0
445,609704,2002,14.5
446,609704,2003,14.2
447,609704,2004,14.4
448,609704,2005,15.4
449,609704,2006,15.5
450,609704,2007,15.9
451,609704,2008,15.7
452,609704,2009,15.3
453,609704,2010,15.4
454,609704,2011,16.0
455,609704,2012,15.9
456,609704,2013,15.6
457,609704,2014,15.8
458,609704,2015,15.5
459,609704,2016,15.2
460,609705,2001,13.6
461,609705,2002,13.8
462,609705,2003,14.1
463,609705,2004,14.2
464,609705,2005,14.2
465,609705,2006,14.5
466,609705,2007,13.8
467,609705,2008,14.0
468,609705,2009,13.4
469,609705,2010,14.3
470,609705,2011,14.0
471,609705,2012,14.1
472,609705,2013,14.3
473,609705,2014,14.4
474,609705,2015,14.4
475,609705,2016,14.7
476,400042,2011,15.1
477,400042,2012,14.0
478,400042,2013,16.3
479,400042,2014,17.2
480,609708,2001,14.5
481,609708,2002,14.7
482,609708,2003,14.2
483,609708,2004,14.5
484,609708,2005,15.1
485,609708,2006,15.0
486,609708,2007,15.0
487,609708,2008,14.9
488,609708,2009,15.0
489,609708,2010,14.8
490,609708,2011,15.3
491,609708,2012,15.4
492,609708,2013,15.0
493,609708,2014,15.9
494,609708,2015,16.1
495,609708,2016,15.3
496,609709,2001,14.1
497,609709,2002,14.1
498,609709,2003,14.2
499,609709,2004,14.2
500,609709,2005,14.5
501,609709,2006,14.2
502,609709,2007,15.1
503,609709,2008,14.8
504,609709,2009,14.7
505,609709,2010,14.6
506,609709,2011,14.0
507,609709,2012,15.0
508,609709,2013,15.0
509,609709,2014,15.5
510,609709,2015,15.3
511,609709,2016,14.4
512,610558,2015,18.3
513,610558,2016,16.6
514,609694,2001,16.4
515,609694,2002,16.9
516,609694,2003,16.9
517,609694,2004,16.8
518,609694,2005,16.9
519,609694,2006,16.6
520,609694,2007,14.3
521,609694,2008,15.4
522,609694,2009,15.4
523,609694,2010,15.8
524,609694,2011,15.8
525,609694,2012,16.9
526,609694,2013,16.5
527,609694,2014,17.2
528,609694,2015,16.8
529,609694,2016,16.9
530,609710,2001,13.4
531,609710,2002,14.0
532,609710,2003,14.1
533,609710,2004,15.1
534,609710,2005,14.9
535,609710,2006,14.9
536,609710,2007,15.1
537,609710,2008,14.9
538,609710,2009,14.4
539,609710,2010,14.7
540,609710,2011,14.7
541,609710,2012,15.1
542,609710,2013,14.9
543,609710,2014,15.4
544,609710,2015,15.0
545,609710,2016,15.2
546,609711,2001,13.0
547,609711,2002,13.3
548,609711,2003,13.7
549,609711,2004,13.6
550,609711,2005,13.9
551,609711,2006,13.8
552,609711,2007,14.1
553,609711,2008,14.1
554,609711,2009,14.1
555,609711,2010,14.2
556,609711,2011,14.5
557,609711,2012,14.6
558,609711,2013,14.1
559,609711,2014,14.0
560,609711,2015,14.0
561,609711,2016,14.6
562,609712,2001,13.7
563,609712,2002,14.2
564,609712,2003,14.2
565,609712,2004,13.9
566,609712,2005,14.6
567,609712,2006,14.6
568,609712,2008,14.7
569,609712,2009,14.8
570,609712,2010,14.8
571,609712,2011,14.0
572,609712,2012,13.5
573,609712,2013,13.7
574,609712,2014,14.5
575,609712,2015,13.3
576,609712,2016,13.1
577,609768,2001,15.4
578,609768,2002,15.6
579,609768,2003,16.4
580,609768,2004,17.6
581,609768,2005,17.3
582,609768,2006,16.5
583,609768,2007,17.7
584,609768,2008,15.3
585,609768,2009,15.2
586,609768,2010,15.2
587,609768,2011,15.0
588,609768,2012,14.9
589,609768,2013,14.6
590,609768,2014,14.7
591,609768,2015,14.9
592,609768,2016,14.7
593,609741,2001,17.3
594,609741,2002,17.1
595,609741,2003,16.3
596,609741,2004,17.4
597,609741,2005,17.0
598,609741,2006,16.7
599,609741,2007,17.1
600,609741,2008,17.5
601,609741,2009,16.9
602,609741,2010,17.7
603,609741,2011,17.4
604,609741,2012,17.8
605,609741,2013,17.3
606,609741,2014,17.3
607,609741,2015,17.1
608,609741,2016,17.1
609,609713,2001,16.0
610,609713,2002,16.5
611,609713,2003,16.3
612,609713,2004,16.5
613,609713,2005,16.4
614,609713,2006,16.2
615,609713,2007,16.1
616,609713,2008,15.7
617,609713,2009,15.8
618,609713,2010,15.3
619,609713,2011,15.6
620,609713,2012,16.0
621,609713,2013,14.9
622,609713,2014,15.4
623,609713,2015,15.4
624,609713,2016,15.7
625,610384,2008,16.0
626,610384,2009,16.2
627,610384,2010,16.9
628,610384,2011,17.1
629,610384,2012,17.4
630,610384,2013,18.2
631,610384,2014,18.1
632,610384,2015,18.8
633,610384,2016,18.8
634,400104,2013,16.7
635,400104,2014,17.5
636,400104,2015,17.6
637,400104,2016,16.7
638,400148,2013,14.6
639,400148,2014,14.3
640,400148,2015,14.2
641,400148,2016,13.9
642,400164,2014,15.1
643,400164,2016,
644,400162,2016,19.2
645,609783,2001,
646,609783,2002,
647,609783,2003,
648,609783,2004,
649,609783,2005,
650,609783,2010,
651,609783,2011,
652,609783,2013,
653,609783,2014,
654,609783,2015,
655,800011,2015,14.7
656,800011,2016,
657,609678,2001,20.0
658,609678,2002,21.3
659,609678,2003,21.6
660,609678,2004,23.0
661,609678,2005,23.7
662,609678,2006,22.0
663,609678,2007,23.2
664,609678,2008,24.4
665,609678,2009,24.2
666,609678,2010,24.8
667,609678,2011,24.8
668,609678,2012,25.1
669,609678,2013,26.3
670,609678,2014,26.6
671,609678,2015,26.2
672,609678,2016,26.2
673,609764,2001,15.1
674,609764,2002,14.8
675,609764,2003,15.0
676,609764,2004,15.0
677,609764,2005,15.9
678,609764,2006,15.2
679,609764,2007,15.8
680,609764,2008,15.7
681,609764,2009,15.6
682,609764,2010,15.9
683,609764,2011,15.8
684,609764,2012,16.4
685,609764,2013,16.3
686,609764,2014,16.4
687,609764,2015,16.3
688,609764,2016,16.5
689,609762,2001,14.6
690,609762,2002,15.1
691,609762,2003,14.7
692,609762,2004,15.4
693,609762,2005,15.7
694,609762,2006,12.5
695,609762,2007,15.6
696,609762,2008,15.1
697,609762,2009,15.3
698,609762,2010,15.1
699,609762,2011,14.7
700,609762,2012,15.5
701,609762,2013,15.0
702,609762,2014,15.0
703,609762,2015,15.0
704,609762,2016,14.7
705,609715,2001,15.0
706,609715,2002,15.0
707,609715,2003,15.1
708,609715,2004,15.4
709,609715,2005,15.9
710,609715,2006,16.2
711,609715,2007,16.8
712,609715,2008,16.8
713,609715,2009,16.9
714,609715,2010,17.3
715,609715,2011,17.1
716,609715,2012,16.8
717,609715,2013,16.9
718,609715,2014,16.7
719,609715,2015,17.0
720,609715,2016,17.1
721,609716,2001,13.7
722,609716,2002,14.0
723,609716,2003,14.0
724,609716,2004,14.1
725,609716,2005,14.7
726,609716,2006,14.7
727,609716,2007,15.2
728,609716,2008,15.2
729,609716,2009,14.7
730,609716,2010,15.2
731,609716,2011,14.9
732,609716,2012,15.2
733,609716,2013,14.8
734,609716,2014,15.8
735,609716,2015,15.5
736,609716,2016,15.0
737,609718,2001,16.3
738,609718,2002,16.9
739,609718,2003,16.6
740,609718,2004,15.9
741,609718,2005,17.0
742,609718,2006,16.5
743,609718,2007,16.4
744,609718,2008,16.8
745,609718,2009,16.3
746,609718,2010,16.3
747,609718,2011,16.4
748,609718,2012,17.9
749,609718,2013,17.6
750,609718,2014,18.5
751,609718,2015,18.5
752,609718,2016,18.1
753,609746,2001,19.4
754,609746,2002,17.8
755,609746,2003,17.3
756,609746,2004,17.8
757,609746,2005,18.3
758,609746,2006,17.9
759,609746,2007,18.6
760,609746,2008,18.8
761,609746,2009,18.6
762,609746,2010,18.7
763,609746,2011,19.2
764,609746,2012,19.3
765,609746,2013,18.7
766,609746,2014,19.4
767,609746,2015,19.6
768,609746,2016,19.2
769,609751,2001,12.9
770,609751,2005,18.8
771,609751,2006,18.6
772,609751,2007,19.5
773,609751,2008,19.4
774,609751,2009,18.9
775,609751,2010,19.7
776,609751,2011,20.5
777,609751,2012,20.9
778,609751,2013,21.2
779,609751,2014,20.3
780,609751,2015,20.8
781,609751,2016,20.6
782,609719,2001,16.5
783,609719,2002,16.5
784,609719,2003,16.6
785,609719,2004,17.0
786,609719,2005,17.5
787,609719,2006,17.2
788,609719,2007,17.8
789,609719,2008,17.7
790,609719,2009,18.0
791,609719,2010,18.2
792,609719,2011,17.8
793,609719,2012,18.6
794,609719,2013,18.1
795,609719,2014,18.1
796,609719,2015,17.8
797,609719,2016,17.5
798,609720,2001,21.2
799,609720,2002,21.0
800,609720,2003,20.8
801,609720,2004,21.8
802,609720,2005,21.6
803,609720,2006,21.5
804,609720,2007,22.3
805,609720,2008,22.7
806,609720,2009,22.4
807,609720,2010,22.9
808,609720,2011,23.5
809,609720,2012,23.9
810,609720,2013,24.8
811,609720,2014,24.0
812,609720,2015,25.1
813,609720,2016,25.6
814,800012,2015,7.6
815,800012,2016,
816,400119,2015,16.6
817,400119,2016,16.0
818,609738,2001,21.1
819,609738,2002,21.2
820,609738,2003,20.7
821,609738,2004,20.6
822,609738,2005,20.7
823,609738,2006,21.7
824,609738,2007,21.6
825,609738,2008,21.8
826,609738,2009,21.7
827,609738,2010,21.4
828,609738,2011,21.6
829,609738,2012,22.3
830,609738,2013,22.1
831,609738,2014,22.1
832,609738,2015,22.0
833,609738,2016,22.3
834,610391,2008,20.8
835,610391,2009,21.1
836,610391,2010,21.0
837,610391,2011,22.3
838,610391,2012,22.1
839,610391,2013,23.4
840,610391,2014,22.6
841,610391,2015,22.9
842,610391,2016,22.9
843,400137,2013,15.2
844,400137,2014,14.9
845,400137,2015,15.3
846,400137,2016,14.0
847,610581,2016,14.2
848,610582,2015,14.3
849,610582,2016,14.2
850,610580,2015,13.8
851,610580,2016,15.4
852,610566,2014,15.0
853,610566,2015,13.3
854,610566,2016,12.9
855,610567,2014,14.1
856,610567,2015,14.2
857,610567,2016,15.0
858,609722,2001,13.0
859,609722,2002,13.6
860,609722,2003,14.2
861,609722,2004,14.7
862,609722,2005,13.9
863,609722,2006,13.9
864,609722,2007,14.3
865,609722,2008,14.5
866,609722,2009,14.2
867,609722,2010,14.4
868,609722,2011,13.9
869,609722,2012,14.7
870,609722,2013,14.1
871,609722,2014,14.5
872,609722,2015,15.2
873,609722,2016,14.1
874,609780,2015,19.1
875,609780,2016,18.4
876,610502,2010,17.3
877,610502,2011,17.7
878,610502,2012,17.5
879,610502,2013,17.9
880,610502,2014,17.4
881,609723,2001,13.3
882,609723,2002,13.3
883,609723,2003,13.4
884,609723,2004,13.5
885,609723,2005,13.9
886,609723,2006,13.8
887,609723,2007,13.9
888,609723,2008,14.2
889,609723,2009,13.8
890,609723,2010,13.6
891,609723,2011,14.6
892,609723,2012,14.4
893,609723,2013,14.2
894,609723,2014,14.6
895,609723,2015,15.0
896,609723,2016,15.8
897,609724,2001,16.0
898,609724,2002,15.8
899,609724,2003,16.1
900,609724,2004,16.7
901,609724,2005,16.9
902,609724,2006,16.7
903,609724,2007,16.6
904,609724,2008,16.7
905,609724,2009,16.5
906,609724,2010,16.7
907,609724,2011,15.9
908,609724,2012,16.7
909,609724,2013,17.0
910,609724,2014,16.8
911,609724,2015,18.0
912,609724,2016,17.4
913,609725,2001,18.4
914,609725,2002,18.6
915,609725,2003,18.3
916,609725,2004,18.9
917,609725,2005,19.1
918,609725,2006,19.2
919,609725,2007,19.4
920,609725,2008,18.0
921,609725,2009,18.1
922,609725,2010,18.7
923,609725,2011,17.8
924,609725,2012,18.1
925,609725,2013,18.2
926,609725,2014,17.6
927,609725,2015,17.4
928,609725,2016,17.3
929,610385,2008,15.8
930,610385,2009,15.5
931,610385,2010,15.8
932,610385,2011,15.6
933,610385,2012,16.5
934,610385,2013,15.9
935,610385,2014,15.2
936,610385,2015,15.7
937,610385,2016,14.6
938,400157,2016,19.6
939,400097,2012,20.8
940,400097,2013,20.9
941,400097,2014,20.9
942,400097,2015,22.2
943,400097,2016,21.7
944,400156,2016,19.2
945,400052,2011,20.1
946,400052,2012,19.3
947,400052,2013,19.3
948,400052,2014,19.5
949,400052,2015,18.6
950,400052,2016,17.9
951,400118,2015,18.8
952,400118,2016,18.6
953,400053,2010,18.8
954,400053,2011,20.0
955,400053,2012,20.1
956,400053,2013,20.5
957,400053,2014,20.4
958,400053,2015,19.0
959,400053,2016,19.5
960,400117,2015,20.1
961,400117,2016,19.1
962,400106,2013,19.5
963,400106,2014,19.8
964,400106,2015,19.2
965,400106,2016,18.2
966,400098,2012,20.8
967,400098,2013,21.3
968,400098,2014,21.3
969,400098,2015,21.8
970,400098,2016,21.8
971,400051,2002,18.2
972,400051,2003,17.3
973,400051,2004,18.2
974,400051,2005,18.4
975,400051,2006,18.6
976,400051,2007,18.6
977,400051,2008,18.4
978,400051,2009,19.3
979,400051,2010,19.8
980,400051,2011,20.6
981,400051,2012,20.0
982,400051,2013,20.4
983,400051,2014,19.8
984,400051,2015,20.8
985,400051,2016,21.2
986,400054,2009,20.0
987,400054,2010,19.9
988,400054,2011,21.0
989,400054,2012,21.4
990,400054,2013,20.9
991,400054,2014,21.5
992,400054,2015,20.6
993,400054,2016,21.9
994,400055,2009,19.2
995,400055,2010,19.5
996,400055,2011,20.2
997,400055,2012,21.0
998,400055,2013,20.1
999,400055,2014,20.1
1000,400055,2015,19.6
1001,400055,2016,20.9
1002,400056,2010,19.0
1003,400056,2011,18.9
1004,400056,2012,19.7
1005,400056,2013,18.3
1006,400056,2014,19.1
1007,400056,2015,18.7
1008,400056,2016,18.5
1009,400057,2011,21.1
1010,400057,2012,21.9
1011,400057,2013,21.7
1012,400057,2014,22.8
1013,400057,2015,22.2
1014,400057,2016,22.2
1015,400058,2001,14.8
1016,400058,2002,15.1
1017,400058,2003,14.1
1018,400058,2004,15.7
1019,400058,2005,15.5
1020,400058,2006,15.7
1021,400058,2007,16.8
1022,400058,2008,16.2
1023,400058,2009,15.7
1024,400058,2010,15.9
1025,400058,2011,16.1
1026,400058,2012,17.2
1027,400058,2013,16.3
1028,400058,2014,15.9
1029,400058,2015,16.5
1030,400058,2016,15.3
1031,400059,2010,15.9
1032,400059,2011,15.9
1033,400059,2012,16.6
1034,400059,2013,16.1
1035,400059,2014,16.1
1036,400059,2015,15.3
1037,400059,2016,14.5
1038,609691,2007,15.1
1039,609691,2008,15.3
1040,609691,2009,15.4
1041,609691,2010,15.2
1042,609691,2011,15.4
1043,609691,2012,15.4
1044,609691,2013,15.9
1045,609691,2014,16.3
1046,609691,2015,15.9
1047,609691,2016,15.9
1048,609749,2001,25.0
1049,609749,2002,25.3
1050,609749,2003,26.8
1051,609749,2004,28.2
1052,609749,2005,27.4
1053,609749,2006,27.1
1054,609749,2007,27.5
1055,609749,2008,28.5
1056,609749,2009,28.8
1057,609749,2010,28.5
1058,609749,2011,28.8
1059,609749,2012,29.6
1060,609749,2013,29.4
1061,609749,2014,29.1
1062,609749,2015,28.7
1063,609749,2016,29.5
1064,610529,2012,18.1
1065,610529,2013,17.8
1066,610529,2014,18.4
1067,610529,2015,19.7
1068,610529,2016,19.7
1069,610569,2014,18.7
1070,610569,2015,17.0
1071,610569,2016,15.6
1072,610570,2015,14.6
1073,610570,2016,14.1
1074,610571,2014,13.7
1075,610571,2015,14.8
1076,610571,2016,14.4
1077,610389,2001,13.1
1078,610389,2002,13.8
1079,610389,2003,13.2
1080,610389,2004,13.6
1081,610389,2009,14.1
1082,610389,2010,14.6
1083,610389,2011,14.9
1084,610389,2012,14.3
1085,610389,2013,14.0
1086,610389,2014,14.8
1087,610389,2015,14.0
1088,610389,2016,14.2
1089,610557,2012,14.9
1090,610557,2013,14.7
1091,610557,2014,14.9
1092,610557,2015,14.8
1093,610557,2016,15.1
1094,610568,2014,14.7
1095,610568,2015,14.9
1096,610568,2016,14.4
1097,400173,2015,15.1
1098,400173,2016,14.6
1099,609680,2003,23.3
1100,609680,2004,25.3
1101,609680,2005,25.8
1102,609680,2006,25.9
1103,609680,2007,26.3
1104,609680,2008,27.0
1105,609680,2009,28.1
1106,609680,2010,27.6
1107,609680,2011,27.0
1108,609680,2012,27.8
1109,609680,2013,29.3
1110,609680,2014,29.1
1111,609680,2015,29.5
1112,609680,2016,29.6
1113,610386,2001,15.3
1114,610386,2002,
1115,610386,2003,14.6
1116,610386,2004,14.5
1117,610386,2005,14.3
1118,610386,2007,14.6
1119,610386,2008,14.4
1120,610386,2009,15.1
1121,610386,2010,13.8
1122,610386,2011,13.4
1123,610386,2012,13.6
1124,610386,2013,13.6
1125,610386,2014,14.1
1126,610386,2016,13.8
1127,400064,2001,15.0
1128,400064,2002,16.3
1129,400064,2003,15.5
1130,400064,2004,16.0
1131,400064,2005,16.7
1132,400064,2006,16.1
1133,400064,2007,16.5
1134,400064,2008,16.3
1135,400064,2009,16.9
1136,400064,2010,17.4
1137,400064,2011,17.5
1138,400064,2012,18.2
1139,400064,2013,18.5
1140,400064,2014,19.6
1141,400064,2015,18.7
1142,400064,2016,17.5
1143,400061,2009,14.9
1144,400061,2010,15.7
1145,400061,2011,15.7
1146,400061,2012,16.5
1147,400061,2013,16.2
1148,400061,2014,16.6
1149,400061,2015,16.1
1150,400061,2016,16.8
1151,400066,2011,17.4
1152,400066,2012,16.5
1153,400066,2013,16.7
1154,400066,2014,17.6
1155,400066,2015,16.4
1156,400066,2016,17.3
1157,400062,2009,16.2
1158,400062,2010,16.0
1159,400062,2011,15.9
1160,400062,2012,16.1
1161,400062,2013,15.9
1162,400062,2014,16.6
1163,400062,2015,16.2
1164,400062,2016,16.5
1165,609727,2001,13.3
1166,609727,2002,13.5
1167,609727,2003,13.7
1168,609727,2004,14.0
1169,609727,2005,14.1
1170,609727,2006,14.4
1171,609727,2007,14.5
1172,609727,2008,14.2
1173,609727,2009,13.8
1174,609727,2010,14.1
1175,609727,2011,15.1
1176,609727,2012,14.1
1177,609727,2013,15.2
1178,609727,2014,14.7
1179,609727,2015,15.2
1180,609727,2016,15.2
1181,610304,2003,13.5
1182,610304,2004,13.7
1183,610304,2005,13.8
1184,610304,2006,14.7
1185,610304,2007,15.2
1186,610304,2008,15.0
1187,610304,2009,17.6
1188,610304,2010,18.7
1189,610304,2011,18.6
1190,610304,2012,18.9
1191,610304,2013,18.8
1192,610304,2014,19.3
1193,610304,2015,19.4
1194,610304,2016,19.0
1195,400070,2008,16.4
1196,400070,2009,13.6
1197,400070,2010,13.7
1198,400070,2011,13.2
1199,400070,2012,13.9
1200,400070,2013,13.7
1201,400070,2014,14.6
1202,400070,2015,12.6
1203,400070,2016,14.5
1204,400109,2011,13.5
1205,400109,2012,13.5
1206,400109,2013,13.8
1207,400109,2014,13.6
1208,400109,2015,13.7
1209,400109,2016,13.6
1210,610574,2014,13.6
1211,610574,2015,13.9
1212,610574,2016,
1213,609679,2001,17.2
1214,609679,2002,17.1
1215,609679,2003,16.9
1216,609679,2004,18.1
1217,609679,2005,17.6
1218,609679,2006,17.3
1219,609679,2007,17.5
1220,609679,2008,17.7
1221,609679,2009,17.4
1222,609679,2010,17.5
1223,609679,2011,17.9
1224,609679,2012,17.9
1225,609679,2013,18.3
1226,609679,2014,18.6
1227,609679,2015,18.0
1228,609679,2016,18.1
1229,610334,2007,15.6
1230,610334,2008,15.6
1231,610334,2009,15.2
1232,610334,2010,14.9
1233,610334,2011,15.3
1234,610334,2012,15.4
1235,610334,2013,14.8
1236,610334,2014,14.8
1237,610334,2015,14.1
1238,610334,2016,14.5
1239,609682,2001,13.8
1240,609682,2002,14.5
1241,609682,2003,14.5
1242,609682,2004,14.5
1243,609682,2005,15.2
1244,609682,2006,14.6
1245,609682,2007,15.3
1246,609682,2008,14.3
1247,609682,2009,14.9
1248,609682,2010,15.0
1249,609682,2011,14.1
1250,609682,2012,14.8
1251,609682,2013,14.6
1252,609682,2014,14.7
1253,609682,2015,14.4
1254,609682,2016,14.6
1255,610390,2008,18.7
1256,610390,2009,18.3
1257,610390,2010,19.5
1258,610390,2011,18.7
1259,610390,2012,18.5
1260,610390,2013,18.7
1261,610390,2014,19.0
1262,610390,2015,18.6
1263,610390,2016,18.0
1264,609707,2001,12.9
1265,609707,2002,13.0
1266,609707,2003,13.6
1267,609707,2004,14.2
1268,609707,2005,14.0
1269,609707,2006,13.5
1270,609707,2007,13.7
1271,609707,2008,14.1
1272,609707,2009,13.5
1273,609707,2010,13.2
1274,609707,2011,13.6
1275,609707,2012,13.8
1276,609707,2013,13.4
1277,609707,2014,14.1
1278,609707,2015,13.9
1279,609707,2016,13.2
1280,609728,2001,15.5
1281,609728,2002,15.2
1282,609728,2003,14.8
1283,609728,2004,15.7
1284,609728,2005,15.7
1285,609728,2006,14.9
1286,609728,2007,15.3
1287,609728,2008,15.8
1288,609728,2009,15.3
1289,609728,2010,15.8
1290,609728,2011,15.6
1291,609728,2012,15.2
1292,609728,2013,15.6
1293,609728,2014,15.6
1294,609728,2015,16.0
1295,609728,2016,15.5
1296,609729,2001,14.9
1297,609729,2002,15.2
1298,609729,2003,15.1
1299,609729,2004,15.1
1300,609729,2005,16.0
1301,609729,2006,15.7
1302,609729,2007,15.9
1303,609729,2008,16.2
1304,609729,2009,15.4
1305,609729,2010,15.4
1306,609729,2011,15.6
1307,609729,2012,15.5
1308,609729,2013,15.4
1309,609729,2014,16.2
1310,609729,2015,16.6
1311,609729,2016,16.4
1312,609730,2001,14.8
1313,609730,2002,15.1
1314,609730,2003,15.3
1315,609730,2004,15.4
1316,609730,2005,16.1
1317,609730,2006,16.4
1318,609730,2007,15.6
1319,609730,2008,15.7
1320,609730,2009,15.0
1321,609730,2010,15.5
1322,609730,2011,15.8
1323,609730,2012,16.5
1324,609730,2013,17.3
1325,609730,2014,18.4
1326,609730,2015,19.7
1327,609730,2016,18.3
1328,400073,2008,14.9
1329,400073,2009,15.3
1330,400073,2010,15.5
1331,400073,2011,15.2
1332,400073,2012,14.9
1333,400073,2013,14.9
1334,400073,2014,14.6
1335,400073,2015,14.1
1336,609692,2001,15.6
1337,609692,2002,15.5
1338,609692,2003,15.7
1339,609692,2004,16.2
1340,609692,2005,15.7
1341,609692,2006,16.1
1342,609692,2007,16.9
1343,609692,2008,17.0
1344,609692,2009,16.5
1345,609692,2010,16.1
1346,609692,2011,16.2
1347,609692,2012,16.9
1348,609692,2013,16.7
1349,609692,2014,16.8
1350,609692,2015,16.4
1351,609692,2016,16.2
1352,609750,2001,14.3
1353,609750,2002,13.5
1354,609750,2003,13.9
1355,609750,2004,14.8
1356,609750,2005,14.1
1357,609750,2006,14.3
1358,609750,2007,15.1
1359,609750,2008,15.5
1360,609750,2009,13.8
1361,609750,2010,14.6
1362,609750,2011,14.6
1363,609750,2012,15.0
1364,609750,2013,15.1
1365,609750,2014,15.7
1366,609750,2015,
1367,609750,2016,16.7
1368,610383,2008,16.4
1369,610383,2009,16.1
1370,610383,2010,15.7
1371,610383,2011,15.7
1372,610383,2012,16.2
1373,610383,2013,16.9
1374,610383,2014,16.3
1375,610383,2015,15.7
1376,610383,2016,15.6
1377,610543,2013,17.3
1378,610543,2014,16.8
1379,610543,2015,18.1
1380,610543,2016,18.4
1381,800014,2015,
1382,800014,2016,
1383,610547,2014,16.1
1384,610547,2015,17.3
1385,610547,2016,17.9
1386,610357,2006,16.3
1387,610357,2007,16.7
1388,610357,2008,17.0
1389,610357,2010,16.9
1390,610357,2011,16.9
1391,610357,2012,17.5
1392,610357,2013,16.8
1393,610357,2014,16.7
1394,610357,2015,16.9
1395,610357,2016,
1396,609732,2001,15.6
1397,609732,2002,15.3
1398,609732,2003,15.3
1399,609732,2004,15.9
1400,609732,2005,16.0
1401,609732,2006,16.1
1402,609732,2007,16.4
1403,609732,2008,16.3
1404,609732,2009,15.9
1405,609732,2010,16.2
1406,609732,2011,16.0
1407,609732,2012,16.4
1408,609732,2013,16.2
1409,609732,2014,16.7
1410,609732,2015,16.7
1411,609732,2016,16.3
1412,609733,2001,15.9
1413,609733,2002,15.8
1414,609733,2003,15.9
1415,609733,2004,16.1
1416,609733,2005,16.0
1417,609733,2006,16.4
1418,609733,2007,16.1
1419,609733,2008,16.1
1420,609733,2009,15.4
1421,609733,2010,15.3
1422,609733,2011,15.4
1423,609733,2012,14.5
1424,609733,2013,15.0
1425,609733,2014,15.6
1426,609733,2015,15.3
1427,609733,2016,15.1
1428,609734,2001,15.3
1429,609734,2002,15.4
1430,609734,2003,16.7
1431,609734,2004,16.9
1432,609734,2005,17.7
1433,609734,2006,17.4
1434,609734,2007,17.5
1435,609734,2008,18.3
1436,609734,2009,18.6
1437,609734,2010,18.9
1438,609734,2011,17.9
1439,609734,2012,18.4
1440,609734,2013,18.8
1441,609734,2014,19.0
1442,609734,2015,19.5
1443,609734,2016,18.9
1444,610506,2010,15.1
1445,610506,2011,15.3
1446,610506,2012,14.5
1447,610506,2013,14.6
1448,610506,2014,14.7
1449,610506,2015,14.6
1450,610506,2016,14.3
1451,609735,2001,13.7
1452,609735,2002,13.7
1453,609735,2003,14.6
1454,609735,2004,14.5
1455,609735,2005,14.4
1456,609735,2006,14.1
1457,609735,2007,14.2
1458,609735,2008,14.0
1459,609735,2009,14.1
1460,609735,2010,13.9
1461,609735,2011,13.5
1462,609735,2012,13.5
1463,609735,2013,14.6
1464,609735,2014,14.6
1465,609735,2015,14.3
1466,609735,2016,14.5
1467,400077,2009,16.5
1468,400077,2010,16.7
1469,400077,2011,16.4
1470,400077,2012,16.9
1471,400077,2013,17.4
1472,400077,2014,17.8
1473,400077,2015,17.7
1474,400077,2016,17.2
1475,800016,2015,
1476,800016,2016,
1477,400085,2011,18.4
1478,400085,2012,18.3
1479,400085,2013,18.1
1480,400085,2014,17.5
1481,400085,2015,18.0
1482,400085,2016,17.7
1483,400121,2016,16.6
1484,400149,2016,16.6
1485,610394,2008,15.2
1486,610394,2009,15.3
1487,610394,2010,15.5
1488,610394,2011,16.9
1489,610394,2012,16.5
1490,610394,2013,16.8
1491,610394,2014,16.6
1492,610394,2015,16.4
1493,610394,2016,15.6
1494,400105,2013,17.2
1495,400105,2014,17.4
1496,400105,2015,17.0
1497,400105,2016,16.6
1498,400086,2009,16.1
1499,400086,2010,16.0
1500,400086,2011,15.9
1501,400086,2012,16.4
1502,400086,2013,17.2
1503,400086,2014,16.9
1504,400086,2015,17.1
1505,400086,2016,16.7
1506,400102,2012,17.7
1507,400102,2013,16.6
1508,400102,2014,16.8
1509,400102,2015,16.6
1510,400102,2016,16.6
1511,610518,2011,14.4
1512,610518,2012,15.6
1513,610518,2013,14.7
1514,610518,2014,15.4
1515,610518,2015,14.9
1516,610518,2016,14.6
1517,609737,2001,19.7
1518,609737,2002,19.2
1519,609737,2003,18.7
1520,609737,2004,20.7
1521,609737,2005,20.7
1522,609737,2006,19.7
1523,609737,2007,19.3
1524,609737,2008,20.3
1525,609737,2009,19.3
1526,609737,2010,20.0
1527,609737,2011,20.5
1528,609737,2012,20.2
1529,609737,2013,19.8
1530,609737,2014,19.6
1531,609737,2015,20.7
1532,609737,2016,21.3
1533,609739,2001,15.7
1534,609739,2002,15.5
1535,609739,2003,15.8
1536,609739,2004,15.6
1537,609739,2005,15.5
1538,609739,2006,15.9
1539,609739,2007,15.6
1540,609739,2008,15.3
1541,609739,2009,15.7
1542,609739,2010,15.8
1543,609739,2011,15.5
1544,609739,2012,16.2
1545,609739,2013,16.3
1546,609739,2014,16.8
1547,609739,2015,17.1
1548,609739,2016,17.7
1549,609740,2001,13.8
1550,609740,2002,14.6
1551,609740,2003,14.3
1552,609740,2004,15.1
1553,609740,2005,15.0
1554,609740,2006,15.2
1555,609740,2007,15.3
1556,609740,2008,14.9
1557,609740,2009,14.5
1558,609740,2010,14.7
1559,609740,2011,15.0
1560,609740,2012,15.1
1561,609740,2013,14.8
1562,609740,2014,15.5
1563,609740,2015,15.2
1564,609740,2016,15.4
1565,609693,2001,14.6
1566,609693,2002,14.6
1567,609693,2003,15.1
1568,609693,2004,16.1
1569,609693,2005,15.6
1570,609693,2006,15.3
1571,609693,2012,20.0
1572,609693,2013,20.7
1573,609693,2014,20.6
1574,609693,2015,20.6
1575,609693,2016,20.7
1576,610380,2010,18.3
1577,610380,2011,17.5
1578,610380,2012,18.0
1579,610380,2013,18.2
1580,610380,2014,17.2
1581,610380,2015,17.6
1582,610380,2016,17.1
1583,610392,2008,15.4
1584,610392,2009,15.7
1585,610392,2010,16.3
1586,610392,2011,16.2
1587,610392,2012,16.4
1588,610392,2013,16.8
1589,610392,2014,16.7
1590,610392,2015,17.6
1591,610392,2016,17.5
1592,400134,2013,15.1
1593,400134,2014,15.4
1594,400134,2016,13.1
1595,400125,2013,14.0
1596,400125,2014,14.7
1597,400125,2015,14.2
1598,400125,2016,14.1
1599,400126,2013,13.8
1600,400126,2014,14.9
1601,400126,2015,
1602,400126,2016,13.3
1603,400127,2013,13.1
1604,400127,2014,13.5
1605,400127,2015,14.1
1606,400127,2016,12.8
1607,400131,2013,14.0
1608,400131,2014,14.4
1609,400131,2015,14.8
1610,400131,2016,14.0
1611,400128,2013,13.0
1612,400128,2014,13.5
1613,400128,2015,13.1
1614,400128,2016,13.4
1615,400150,2013,13.8
1616,400150,2014,14.1
1617,400150,2015,12.8
1618,400150,2016,13.3
1619,400129,2013,13.7
1620,400129,2014,14.4
1621,400129,2015,13.4
1622,400129,2016,12.6
1623,400133,2013,14.3
1624,400133,2014,14.7
1625,400133,2015,14.6
1626,400133,2016,13.6
1627,400135,2013,14.0
1628,400135,2014,14.8
1629,400135,2015,14.0
1630,400135,2016,13.9
1631,400124,2013,12.9
1632,400124,2014,13.7
1633,400124,2015,13.2
1634,400124,2016,13.9
1635,400136,2013,15.5
1636,400136,2014,14.3
1637,400136,2016,15.1
1638,400123,2013,13.3
1639,400123,2014,13.8
1640,400123,2015,13.9
1641,400123,2016,13.3
1642,400139,2013,13.3
1643,400139,2014,13.3
1644,400139,2016,13.1
1645,400141,2013,16.1
1646,400141,2014,15.9
1647,400141,2015,16.3
1648,400141,2016,16.0
1649,400142,2013,13.3
1650,400142,2014,14.3
1651,400142,2015,15.0
1652,400143,2013,13.4
1653,400143,2014,14.2
1654,400143,2015,14.4
1655,400143,2016,13.2
1656,400144,2013,13.6
1657,400144,2014,14.4
1658,400144,2015,14.2
1659,400144,2016,14.1
1660,400145,2013,13.5
1661,400145,2014,14.6
1662,400145,2015,13.6
1663,400145,2016,13.6
1664,400130,2013,13.3
1665,400130,2014,13.4
1666,400130,2015,13.8
1667,400130,2016,12.5
1668,609755,2001,24.5
1669,609755,2002,25.1
1670,609755,2003,24.5
1671,609755,2004,25.3
1672,609755,2005,25.7
1673,609755,2006,25.2
1674,609755,2007,25.4
1675,609755,2008,26.1
1676,609755,2009,25.9
1677,609755,2010,26.2
1678,609755,2011,26.6
1679,609755,2012,27.0
1680,609755,2013,27.3
1681,609755,2014,26.9
1682,609755,2015,27.3
1683,609755,2016,27.9
1684,400087,2003,16.6
1685,400087,2004,15.6
1686,400087,2005,15.9
1687,400087,2006,16.1
1688,400087,2007,15.9
1689,400087,2008,16.1
1690,400087,2009,15.5
1691,400087,2010,16.2
1692,400087,2011,16.9
1693,400087,2012,16.8
1694,400087,2013,16.2
1695,400087,2014,16.4
1696,400087,2015,16.3
1697,400087,2016,15.7
